molecular,identityC:\ORCA_6.1.0\C6H6.out,1762913517.8428874
C:\ORCA_6.1.0\C6H6.out,1762913795.452837
C:\ORCA_6.1.0\C6H6.out,1762913807.4694154
C:\ORCA_6.1.0\C2H6.out,1762913818.3588204
C:\ORCA_6.1.0\C6H6.out,1762914499.8378458
C:\ORCA_6.1.0\C2H2.out,1762914548.5290065
C:\ORCA_6.1.0\C2H6.out,1762914906.7791092
C:\ORCA_6.1.0\C2H6.out,1762915263.1426165
